,NFE,AMBIGUOUS
gencove,0.99769761,0.002302389999999
ancestry,0.99769761,0.002302389999999
