,EAS,NFE,AMBIGUOUS
gencove,0.083015509999999,0.881940129999999,0.035044360000000004
ancestry,0.083015509999999,0.881940129999999,0.035044360000000004
