{
    "EAS": {
        "gencove": {
            "mean": 0.07210054
        },
        "ancestry": {
            "mean": 0.07210054,
            "std": 0.011540504831746122,
            "cv": 0.16006128153473081,
            "nz_std": 0.011540504831746122,
            "nz_cv": 0.16006128153473081,
            "ci_95": [
                0.049481150529777605,
                0.0947199294702224
            ],
            "se": 0.0036494280616496,
            "values": [
                0.0578785,
                0.0739756,
                0.0544319,
                0.0860455,
                0.0847828,
                0.0644819,
                0.0660343,
                0.069002,
                0.0792293,
                0.0851436
            ]
        }
    },
    "NFE": {
        "gencove": {
            "mean": 0.85605905
        },
        "ancestry": {
            "mean": 0.85605905,
            "std": 0.033002869055827715,
            "cv": 0.038552094105923786,
            "nz_std": 0.033002869055827715,
            "nz_cv": 0.038552094105923786,
            "ci_95": [
                0.7913734266505777,
                0.9207446733494223
            ],
            "se": 0.010436423553670627,
            "values": [
                0.8505840000000001,
                0.7847583,
                0.8500667,
                0.881274,
                0.8741971000000001,
                0.8167622,
                0.8838311000000001,
                0.8560731,
                0.8876858999999999,
                0.8753580999999999
            ]
        }
    },
    "UNASSIGNED": {
        "gencove": {
            "mean": 0.025928269999999996
        },
        "ancestry": {
            "mean": 0.025928269999999996,
            "std": 0.025654226949571316,
            "cv": 0.9894307236684637,
            "nz_std": 0.02461871030751887,
            "nz_cv": 0.7595943827341777,
            "ci_95": [
                -0.02435401482115978,
                0.07621055482115976
            ],
            "se": 0.008112578877151895,
            "values": [
                0.0249292,
                0.0416845,
                0.0834238,
                0.0102296,
                0,
                0.0476479,
                0.0134585,
                0.024090800000000002,
                0.0138184,
                0
            ]
        }
    },
    "FIN": {
        "gencove": {
            "mean": 0.02957581
        },
        "ancestry": {
            "mean": 0.02957581,
            "std": 0.02516351092141379,
            "cv": 0.8508139226419763,
            "nz_std": 0.018027682182397264,
            "nz_cv": 0.42667901665848146,
            "ci_95": [
                -0.019744671405971026,
                0.07889629140597103
            ],
            "se": 0.007957400843818985,
            "values": [
                0.0453928,
                0.0637879,
                0,
                0,
                0.0261704,
                0.0628963,
                0.0222332,
                0.0508335,
                0,
                0.024444
            ]
        }
    },
    "AMBIGUOUS": {
        "gencove": {
            "mean": 0.01633633000000001
        },
        "ancestry": {
            "mean": 0.01633633000000001
        }
    }
}