{
    "NFE": {
        "gencove": {
            "mean": 0.9919406700000002
        },
        "ancestry": {
            "mean": 0.9919406700000002,
            "std": 0.010550187282281857,
            "cv": 0.01063590555499842,
            "nz_std": 0.010550187282281857,
            "nz_cv": 0.01063590555499842,
            "ci_95": [
                0.9712623029267278,
                1.0126190370732726
            ],
            "se": 0.003336262155335246,
            "values": [
                1.0000003,
                0.9999997,
                0.9660085,
                1.0000003,
                0.9910810000000001,
                0.9965502,
                0.9870739,
                0.9916187,
                1.0000002,
                0.9870739
            ]
        }
    },
    "AMBIGUOUS": {
        "gencove": {
            "mean": 0.00805932999999981
        },
        "ancestry": {
            "mean": 0.00805932999999981
        }
    }
}