,NFE,AMBIGUOUS
gencove,0.9919406700000001,0.008059329999999
ancestry,0.9919406700000001,0.008059329999999
